{
    "accuracy": [
        0.9211691617965698,
        0.9601417183876038,
        0.9619131684303284,
        0.9627989530563354,
        0.9619131684303284,
        0.9619131684303284,
        0.9610274434089661,
        0.9610274434089661,
        0.9627989530563354,
        0.9574844837188721,
        0.9636846780776978
    ],
    "loss": [
        0.2385471761226654,
        0.16328111290931702,
        0.16160207986831665,
        0.14532677829265594,
        0.15049706399440765,
        0.15176407992839813,
        0.15884453058242798,
        0.1602032482624054,
        0.14400580525398254,
        0.16359105706214905,
        0.1416201889514923
    ],
    "top_1_accuracy": [
        0.9211691617965698,
        0.9601417183876038,
        0.9619131684303284,
        0.9627989530563354,
        0.9619131684303284,
        0.9619131684303284,
        0.9610274434089661,
        0.9610274434089661,
        0.9627989530563354,
        0.9574844837188721,
        0.9636846780776978
    ],
    "val_accuracy": [
        0.9921259880065918,
        0.9921259880065918,
        0.9921259880065918,
        0.9921259880065918,
        0.9921259880065918,
        0.9921259880065918,
        0.9921259880065918,
        0.9921259880065918,
        0.9921259880065918,
        0.9921259880065918,
        0.9921259880065918
    ],
    "val_loss": [
        0.010888933204114437,
        0.02244315855205059,
        0.017739690840244293,
        0.015316519886255264,
        0.01982906088232994,
        0.01748551055788994,
        0.022120609879493713,
        0.024959389120340347,
        0.01965883933007717,
        0.01796281896531582,
        0.016994399949908257
    ],
    "val_top_1_accuracy": [
        0.9921259880065918,
        0.9921259880065918,
        0.9921259880065918,
        0.9921259880065918,
        0.9921259880065918,
        0.9921259880065918,
        0.9921259880065918,
        0.9921259880065918,
        0.9921259880065918,
        0.9921259880065918,
        0.9921259880065918
    ],
    "learning_rate": [
        9.999999747378752e-05,
        9.999999747378752e-05,
        9.999999747378752e-05,
        9.999999747378752e-05,
        9.999999747378752e-05,
        9.999999747378752e-05,
        4.999999873689376e-05,
        4.999999873689376e-05,
        4.999999873689376e-05,
        4.999999873689376e-05,
        4.999999873689376e-05
    ]
}