{
    "accuracy": [
        0.581632673740387,
        0.6938775777816772,
        0.8061224222183228,
        0.7346938848495483,
        0.7244898080825806,
        0.7346938848495483,
        0.6632652878761292,
        0.7857142686843872,
        0.795918345451355,
        0.7653061151504517,
        0.7448979616165161,
        0.7551020383834839,
        0.7244898080825806,
        0.7244898080825806,
        0.7448979616165161,
        0.7346938848495483,
        0.8163265585899353,
        0.7346938848495483,
        0.8163265585899353,
        0.7346938848495483,
        0.7346938848495483,
        0.7551020383834839,
        0.6734693646430969,
        0.795918345451355,
        0.7653061151504517,
        0.7857142686843872,
        0.7448979616165161,
        0.8265306353569031,
        0.7448979616165161,
        0.7653061151504517,
        0.7857142686843872,
        0.8061224222183228,
        0.704081654548645,
        0.8265306353569031,
        0.7448979616165161,
        0.7346938848495483,
        0.8163265585899353,
        0.7244898080825806,
        0.7653061151504517,
        0.7755101919174194,
        0.6938775777816772,
        0.7755101919174194,
        0.7244898080825806,
        0.7346938848495483,
        0.7755101919174194,
        0.8163265585899353,
        0.7551020383834839,
        0.8367347121238708,
        0.7448979616165161,
        0.7755101919174194
    ],
    "loss": [
        0.9377890825271606,
        0.5558944344520569,
        0.5713135600090027,
        0.531266987323761,
        0.5520084500312805,
        0.551703929901123,
        0.5752350687980652,
        0.425081342458725,
        0.4643571376800537,
        0.4064401388168335,
        0.5012810826301575,
        0.40724965929985046,
        0.5306096076965332,
        0.4785967469215393,
        0.3709262013435364,
        0.4565810263156891,
        0.35638609528541565,
        0.5560073852539062,
        0.414846807718277,
        0.4255464971065521,
        0.41322392225265503,
        0.4703983664512634,
        0.6036895513534546,
        0.37154069542884827,
        0.4260300099849701,
        0.43218907713890076,
        0.4518711268901825,
        0.4061349332332611,
        0.5482104420661926,
        0.4195631742477417,
        0.45149126648902893,
        0.4272075891494751,
        0.5298489332199097,
        0.38719600439071655,
        0.44988059997558594,
        0.5030215382575989,
        0.35835951566696167,
        0.4819389581680298,
        0.4001365900039673,
        0.5346229076385498,
        0.5348992943763733,
        0.372255802154541,
        0.4763399660587311,
        0.47259992361068726,
        0.3687599003314972,
        0.403331995010376,
        0.37655624747276306,
        0.4237157106399536,
        0.4466892182826996,
        0.4367135763168335
    ],
    "top_1_accuracy": [
        0.581632673740387,
        0.6938775777816772,
        0.8061224222183228,
        0.7346938848495483,
        0.7244898080825806,
        0.7346938848495483,
        0.6632652878761292,
        0.7857142686843872,
        0.795918345451355,
        0.7653061151504517,
        0.7448979616165161,
        0.7551020383834839,
        0.7244898080825806,
        0.7244898080825806,
        0.7448979616165161,
        0.7346938848495483,
        0.8163265585899353,
        0.7346938848495483,
        0.8163265585899353,
        0.7346938848495483,
        0.7346938848495483,
        0.7551020383834839,
        0.6734693646430969,
        0.795918345451355,
        0.7653061151504517,
        0.7857142686843872,
        0.7448979616165161,
        0.8265306353569031,
        0.7448979616165161,
        0.7653061151504517,
        0.7857142686843872,
        0.8061224222183228,
        0.704081654548645,
        0.8265306353569031,
        0.7448979616165161,
        0.7346938848495483,
        0.8163265585899353,
        0.7244898080825806,
        0.7653061151504517,
        0.7755101919174194,
        0.6938775777816772,
        0.7755101919174194,
        0.7244898080825806,
        0.7346938848495483,
        0.7755101919174194,
        0.8163265585899353,
        0.7551020383834839,
        0.8367347121238708,
        0.7448979616165161,
        0.7755101919174194
    ],
    "val_accuracy": [
        0.9166666865348816,
        0.9166666865348816,
        0.9166666865348816,
        1.0,
        1.0,
        1.0,
        1.0,
        1.0,
        1.0,
        1.0,
        1.0,
        1.0,
        1.0,
        1.0,
        1.0,
        1.0,
        1.0,
        1.0,
        1.0,
        1.0,
        1.0,
        1.0,
        1.0,
        1.0,
        1.0,
        1.0,
        1.0,
        1.0,
        1.0,
        1.0,
        1.0,
        1.0,
        1.0,
        1.0,
        1.0,
        1.0,
        1.0,
        1.0,
        1.0,
        1.0,
        1.0,
        1.0,
        1.0,
        1.0,
        1.0,
        1.0,
        1.0,
        1.0,
        1.0,
        1.0
    ],
    "val_loss": [
        0.2036581039428711,
        0.18346841633319855,
        0.16836626827716827,
        0.15704737603664398,
        0.14685259759426117,
        0.1335979551076889,
        0.12222976237535477,
        0.11263811588287354,
        0.10390274971723557,
        0.09551667422056198,
        0.09357470273971558,
        0.09215251356363297,
        0.0905584767460823,
        0.0863426923751831,
        0.07871495932340622,
        0.06678614020347595,
        0.05709008872509003,
        0.05166758596897125,
        0.04772217199206352,
        0.04546664282679558,
        0.04284108057618141,
        0.039833974093198776,
        0.038005929440259933,
        0.03685738518834114,
        0.03503211960196495,
        0.03275718167424202,
        0.029871046543121338,
        0.02669656276702881,
        0.024898825213313103,
        0.02357960306107998,
        0.022162294015288353,
        0.02109598182141781,
        0.02096017263829708,
        0.020615188404917717,
        0.019970545545220375,
        0.0191339123994112,
        0.01778741553425789,
        0.01603749394416809,
        0.014891955070197582,
        0.014476224780082703,
        0.013883302919566631,
        0.013406905345618725,
        0.011773346923291683,
        0.010751783847808838,
        0.009972786530852318,
        0.009532436728477478,
        0.009004605934023857,
        0.008631539531052113,
        0.008241199888288975,
        0.008343663066625595
    ],
    "val_top_1_accuracy": [
        0.9166666865348816,
        0.9166666865348816,
        0.9166666865348816,
        1.0,
        1.0,
        1.0,
        1.0,
        1.0,
        1.0,
        1.0,
        1.0,
        1.0,
        1.0,
        1.0,
        1.0,
        1.0,
        1.0,
        1.0,
        1.0,
        1.0,
        1.0,
        1.0,
        1.0,
        1.0,
        1.0,
        1.0,
        1.0,
        1.0,
        1.0,
        1.0,
        1.0,
        1.0,
        1.0,
        1.0,
        1.0,
        1.0,
        1.0,
        1.0,
        1.0,
        1.0,
        1.0,
        1.0,
        1.0,
        1.0,
        1.0,
        1.0,
        1.0,
        1.0,
        1.0,
        1.0
    ],