{
    "accuracy": [
        0.5902438759803772,
        0.6682927012443542,
        0.6536585092544556,
        0.6585366129875183,
        0.6341463327407837,
        0.70243901014328,
        0.7268292903900146,
        0.6926829218864441,
        0.6780487895011902,
        0.6878048777580261,
        0.6926829218864441,
        0.6439024209976196,
        0.7268292903900146,
        0.6926829218864441,
        0.70243901014328,
        0.7170731425285339,
        0.6390243768692017,
        0.70243901014328,
        0.7463414669036865,
        0.6926829218864441,
        0.6682927012443542,
        0.6926829218864441,
        0.6975609660148621,
        0.6390243768692017,
        0.7463414669036865
    ],
    "loss": [
        0.8217189311981201,
        0.607087254524231,
        0.6530519127845764,
        0.6157042980194092,
        0.6074293255805969,
        0.5385540723800659,
        0.5006998777389526,
        0.5538309216499329,
        0.600280225276947,
        0.621082067489624,
        0.5295482277870178,
        0.6066944599151611,
        0.49242255091667175,
        0.508513867855072,
        0.4882647693157196,
        0.48777997493743896,
        0.6621937155723572,
        0.5496359467506409,
        0.5109115242958069,
        0.5709081292152405,
        0.5918503403663635,
        0.6155222654342651,
        0.5418179035186768,
        0.6184401512145996,
        0.46832409501075745
    ],
    "top_1_accuracy": [
        0.5902438759803772,
        0.6682927012443542,
        0.6536585092544556,
        0.6585366129875183,
        0.6341463327407837,
        0.70243901014328,
        0.7268292903900146,
        0.6926829218864441,
        0.6780487895011902,
        0.6878048777580261,
        0.6926829218864441,
        0.6439024209976196,
        0.7268292903900146,
        0.6926829218864441,
        0.70243901014328,
        0.7170731425285339,
        0.6390243768692017,
        0.70243901014328,
        0.7463414669036865,
        0.6926829218864441,
        0.6682927012443542,
        0.6926829218864441,
        0.6975609660148621,
        0.6390243768692017,
        0.7463414669036865
    ],
    "val_accuracy": [
        1.0,
        0.9583333134651184,
        0.9583333134651184,
        0.9583333134651184,
        1.0,
        0.9583333134651184,
        0.9583333134651184,
        0.9583333134651184,
        0.9583333134651184,
        0.9583333134651184,
        0.9583333134651184,
        0.9583333134651184,
        0.9583333134651184,
        0.9583333134651184,
        0.9583333134651184,
        0.9583333134651184,
        0.9583333134651184,
        0.9583333134651184,
        0.9583333134651184,
        0.9583333134651184,
        0.9583333134651184,
        0.9583333134651184,
        0.9583333134651184,
        0.9583333134651184,
        0.9583333134651184
    ],
    "val_loss": [
        0.10636834055185318,
        0.10873502492904663,
        0.10109177976846695,
        0.092715322971344,
        0.08560686558485031,
        0.09505218267440796,
        0.10095608234405518,
        0.11103969067335129,
        0.1145254373550415,
        0.10576155036687851,
        0.09834303706884384,
        0.09001321345567703,
        0.08484741300344467,
        0.08198695629835129,
        0.08177047222852707,
        0.0835651233792305,
        0.08644086122512817,
        0.08999741077423096,
        0.09176304191350937,
        0.09401866048574448,
        0.09240194410085678,
        0.09087992459535599,
        0.0893462672829628,
        0.08964309841394424,
        0.09010961651802063
    ],
    "val_top_1_accuracy": [
        1.0,
        0.9583333134651184,
        0.9583333134651184,
        0.9583333134651184,
        1.0,
        0.9583333134651184,
        0.9583333134651184,
        0.9583333134651184,
        0.9583333134651184,
        0.9583333134651184,
        0.9583333134651184,
        0.9583333134651184,
        0.9583333134651184,
        0.9583333134651184,
        0.9583333134651184,
        0.9583333134651184,
        0.9583333134651184,
        0.9583333134651184,
        0.9583333134651184,
        0.9583333134651184,
        0.9583333134651184,
        0.9583333134651184,
        0.9583333134651184,
        0.9583333134651184,
        0.9583333134651184
    ],
    "learning_rate": [
        9.999999747378752e-05,
        9.999999747378752e-05,
        9.999999747378752e-05,
        9.999999747378752e-05,
        9.999999747378752e-05,
        9.999999747378752e-05,
        9.999999747378752e-05,
        9.999999747378752e-05,
        9.999999747378752e-05,
        9.999999747378752e-05,
        4.999999873689376e-05,
        4.999999873689376e-05,
        4.999999873689376e-05,
        4.999999873689376e-05,
        4.999999873689376e-05,
        4.999999873689376e-05,
        4.999999873689376e-05,
        4.999999873689376e-05,
        4.999999873689376e-05,
        4.999999873689376e-05,
        2.499999936844688e-05,
        2.499999936844688e-05,
        2.499999936844688e-05,
        2.499999936844688e-05,
        2.499999936844688e-05
    ]
}