{
    "accuracy": [
        0.6855600476264954,
        0.7152496576309204,
        0.7246963381767273,
        0.7152496576309204,
        0.7174988985061646,
        0.7255960702896118,
        0.7381916046142578,
        0.7386415004730225,
        0.7408906817436218,
        0.7476383447647095,
        0.7377417683601379,
        0.767431378364563,
        0.7305443286895752,
        0.7354925870895386,
        0.7597841024398804,
        0.7408906817436218,
        0.7332433462142944,
        0.752136766910553,
        0.7453891038894653,
        0.7471885085105896,
        0.7512370944023132,
        0.7363922595977783,
        0.7291947603225708,
        0.7462887763977051,
        0.7422401905059814,
        0.7543859481811523,
        0.7435897588729858,
        0.752136766910553,
        0.7332433462142944,
        0.7588843703269958,
        0.7458389401435852,
        0.7575348615646362,
        0.7647323608398438,
        0.7552856206893921,
        0.7525866031646729,
        0.7512370944023132,
        0.7512370944023132,
        0.7656320333480835,
        0.7651821970939636,
        0.7530364394187927,
        0.7552856206893921,
        0.7471885085105896,
        0.7372919321060181,
        0.7548357844352722,
        0.7656320333480835,
        0.7575348615646362,
        0.76113361120224,
        0.7498875260353088,
        0.7768781185150146
    ],
    "loss": [
        0.6402447819709778,
        0.5667605400085449,
        0.5478491187095642,
        0.5473365187644958,
        0.5338783264160156,
        0.5283823609352112,
        0.5135535597801208,
        0.5194202661514282,
        0.5004664063453674,
        0.5024853944778442,
        0.5120691657066345,
        0.4679664075374603,
        0.5160806179046631,
        0.5033525824546814,
        0.4727378487586975,
        0.49773722887039185,
        0.49500006437301636,
        0.4931563138961792,
        0.5008882880210876,
        0.4867238700389862,
        0.49769455194473267,
        0.5182169079780579,
        0.4945169985294342,
        0.48677510023117065,
        0.49610841274261475,
        0.48815324902534485,
        0.4907850921154022,
        0.4806574881076813,
        0.4966032803058624,
        0.4798983335494995,
        0.48864778876304626,
        0.47346362471580505,
        0.46939679980278015,
        0.4880143105983734,
        0.49786001443862915,
        0.4756448566913605,
        0.48834699392318726,
        0.46078917384147644,
        0.46369820833206177,
        0.47080135345458984,
        0.47565168142318726,
        0.4960145056247711,
        0.47617992758750916,
        0.47844406962394714,
        0.473503977060318,
        0.47592732310295105,
        0.4731820225715637,
        0.4811805188655853,
        0.4607260823249817
    ],
    "top_1_accuracy": [
        0.6855600476264954,
        0.7152496576309204,
        0.7246963381767273,
        0.7152496576309204,
        0.7174988985061646,
        0.7255960702896118,
        0.7381916046142578,
        0.7386415004730225,
        0.7408906817436218,
        0.7476383447647095,
        0.7377417683601379,
        0.767431378364563,
        0.7305443286895752,
        0.7354925870895386,
        0.7597841024398804,
        0.7408906817436218,
        0.7332433462142944,
        0.752136766910553,
        0.7453891038894653,
        0.7471885085105896,
        0.7512370944023132,
        0.7363922595977783,
        0.7291947603225708,
        0.7462887763977051,
        0.7422401905059814,
        0.7543859481811523,
        0.7435897588729858,
        0.752136766910553,
        0.7332433462142944,
        0.7588843703269958,
        0.7458389401435852,
        0.7575348615646362,
        0.7647323608398438,
        0.7552856206893921,
        0.7525866031646729,
        0.7512370944023132,
        0.7512370944023132,
        0.7656320333480835,
        0.7651821970939636,
        0.7530364394187927,
        0.7552856206893921,
        0.7471885085105896,
        0.7372919321060181,
        0.7548357844352722,
        0.7656320333480835,
        0.7575348615646362,
        0.76113361120224,
        0.7498875260353088,
        0.7768781185150146
    ],
    "val_accuracy": [
        0.8548387289047241,
        0.8346773982048035,
        0.8225806355476379,
        0.8104838728904724,
        0.8145161271095276,
        0.8185483813285828,
        0.8346773982048035,
        0.8306451439857483,
        0.8346773982048035,
        0.850806474685669,
        0.8548387289047241,
        0.850806474685669,
        0.850806474685669,
        0.850806474685669,
        0.8548387289047241,
        0.8669354915618896,
        0.850806474685669,
        0.8790322542190552,
        0.875,
        0.8669354915618896,
        0.8870967626571655,
        0.9032257795333862,
        0.8911290168762207,
        0.8911290168762207,
        0.8911290168762207,
        0.8911290168762207,
        0.899193525314331,
        0.9072580933570862,
        0.8951612710952759,
        0.9032257795333862,
        0.9233871102333069,
        0.9032257795333862,
        0.9153226017951965,
        0.9153226017951965,
        0.9274193644523621,
        0.9274193644523621,
        0.9233871102333069,
        0.9314516186714172,
        0.9233871102333069,
        0.9274193644523621,
        0.9314516186714172,
        0.9435483813285828,
        0.9274193644523621,
        0.9435483813285828,
        0.9314516186714172,
        0.9435483813285828,
        0.9395161271095276,
        0.9435483813285828,
        0.9475806355476379
    ],
    "val_loss": [
        0.5494896173477173,
        0.7170920968055725,
        0.8640578389167786,
        0.870047926902771,
        0.8064802885055542,
        0.825469434261322,
        0.7287266254425049,
        0.6900635361671448,
        0.6405313014984131,
        0.5997170805931091,
        0.5180075168609619,
        0.532055139541626,
        0.5282894372940063,
        0.4900929629802704,
        0.4828503131866455,
        0.385470986366272,
        0.5085184574127197,
        0.31341350078582764,
        0.3196479380130768,
        0.35139068961143494,
        0.29666513204574585,
        0.25815194845199585,
        0.27857986092567444,
        0.28323429822921753,
        0.2771947383880615,
        0.29293856024742126,
        0.27715903520584106,
        0.24500003457069397,
        0.2735750079154968,
        0.2551131844520569,
        0.22781354188919067,
        0.23676571249961853,
        0.2249664068222046,
        0.22293667495250702,
        0.20498010516166687,
        0.1958935707807541,
        0.19440364837646484,
        0.18286040425300598,
        0.17638073861598969,
        0.18087196350097656,
        0.21383173763751984,
        0.18474291265010834,
        0.17666403949260712,
        0.17734745144844055,
        0.1771225929260254,
        0.1895126849412918,
        0.19106720387935638,
        0.18027614057064056,
        0.18257632851600647
    ],